Unnamed: 0,City,Country,Continent,Housing,Cost of Living,Startups,Venture Capital,Travel Connectivity,Commute,Business Freedom,Safety,Healthcare,Education,Environmental Quality,Economy,Taxation,Internet Access,Leisure & Culture,Tolerance,Outdoors,latitude,longitude,mean
0,Aarhus, Denmark,Europe,6.1315,4.015000000000001,2.827000000000001,2.512,3.5360000000000005,6.31175,9.94,9.616500000000002,8.704333333333333,5.3665,7.633000000000001,4.886500000000001,5.0680000000000005,8.373,3.187,9.738500000000002,4.13,56.1496278,10.2134046,6.0
1,Adelaide, Australia,Oceania,6.3095,4.692,3.1365,2.64,1.7765000000000004,5.33625,9.399666666666668,7.926000000000001,7.936666666666666,5.142,8.330750000000002,6.0695000000000014,4.5885,4.341,4.3285,7.822,5.531000000000001,-34.9281805,138.5999312,5.61
2,Albuquerque, New Mexico,North America,7.262,6.059,3.772,1.493,1.4555000000000002,5.05575,8.671,1.3435,6.429999999999999,4.151999999999999,7.3195,6.5145,4.346,5.396000000000001,4.890000000000001,7.028499999999999,3.5155,35.21287095,-106.71324849574629,4.99
3,Almaty, Kazakhstan,Asia,9.282,9.333,2.4585,0.0,4.592,5.871249999999999,5.568,7.309,4.5456666666666665,2.283,3.85675,5.269,8.522,2.886,2.9370000000000003,6.5395,5.499999999999999,43.2363924,76.9457275,5.11
4,Amsterdam, Netherlands,Europe,3.0529999999999995,3.8240000000000007,7.971500000000001,6.107,8.3245,6.1185,8.836666666666666,8.503500000000003,7.907333333333333,6.18,7.59725,5.053000000000001,4.954999999999999,4.523000000000001,8.874,8.368,5.307,52.3727598,4.8936041,6.56
5,Anchorage, Alaska,North America,5.433500000000001,3.141,2.7945,0.0,1.7379999999999998,4.715249999999999,8.671,3.4704999999999995,6.0603333333333325,3.6245,9.272000000000002,6.5145,4.772,4.9645,3.2660000000000005,7.093,5.3580000000000005,61.2163129,-149.894852,4.76
6,Andorra,Andorra,Europe,3.969,0.0,1.0,0.0,0.5,0.0,0.0,9.5535,0.0,0.0,7.256,0.0,4.475,7.186,2.132,8.7035,3.5885,42.5407167,1.5732033,2.85
7,Ankara, Turkey,Asia,9.928,9.125,3.9725000000000006,0.0,2.0475,5.291,5.948333333333333,7.425000000000002,6.914333333333333,2.0285,2.9360000000000004,4.093500000000001,4.323499999999999,2.3160000000000003,8.638499999999999,4.485500000000001,5.1465,39.9207886,32.8540482,4.98
8,Asheville, North Carolina,North America,5.855999999999999,5.311,3.5405,0.0,1.2095,1.358,8.671,5.852500000000001,6.725333333333332,3.6245,8.49325,6.5145,4.062,4.7875,5.063,7.7305,2.2655,35.6009498,-82.5540161,4.77
9,Asuncion, Paraguay,South America,9.2265,9.295000000000002,2.207,0.0,0.645,4.968750000000001,3.684,6.9345,5.485333333333333,0.0,3.969,4.109,8.423499999999999,1.479,5.991999999999999,7.051499999999999,3.4845000000000006,-25.2800459,-57.6343814,4.53
10,Athens, Greece,Europe,9.052499999999998,6.5,4.404,2.325,3.707,5.21975,6.168999999999999,6.7585,7.153,3.1625,3.80225,3.3199999999999994,4.1665,2.228,7.876000000000001,6.268000000000001,6.483,37.9839412,23.7283052,5.22
11,Atlanta, Georgia,North America,4.9755,5.241,8.835,7.2570000000000014,5.2915,3.89775,8.671,2.6725,6.0233333333333325,6.456999999999999,5.817749999999999,6.5145,4.204,6.4805,7.765499999999999,4.062,5.0095,33.7489924,-84.3902644,5.84
12,Auckland, New Zealand,Oceania,4.72,4.470000000000001,4.588000000000001,2.79,1.3045000000000004,4.845000000000001,10.0,7.0215,8.162666666666665,5.0465,8.2725,5.505500000000001,5.9315,6.8500000000000005,4.395999999999999,7.402000000000001,5.862,-36.852095,174.7631803,5.72
13,Austin, Texas,North America,4.3345,5.355,9.236,6.939000000000001,1.8515000000000004,4.3305,8.671,5.069,6.281666666666666,5.315000000000001,7.03075,6.5145,4.772,9.049,6.698,6.7895,3.909,30.2711286,-97.7436995,6.01
14,Baku, Azerbaijan,Asia,9.745,9.806,2.6705,0.0,2.1690000000000005,5.492,5.671666666666666,8.772,3.701999999999999,0.0,2.62125,3.8765,5.861,1.4420000000000002,6.2195,6.584500000000001,4.503,40.16399915,50.27770925520258,4.66
15,Bali, Indonesia,Asia,5.0,0.0,1.628,0.0,1.93,5.193500000000001,3.912333333333333,8.7475,4.442,0.5275,4.13775,4.657500000000001,6.266,3.2375000000000003,6.3335,4.558999999999999,7.5005,-8.3304977,115.0906401,4.01
16,Baltimore, Maryland,North America,4.829999999999999,4.982,0.0,4.3580000000000005,3.6665,4.93475,5.502000000000001,2.373,6.870666666666666,5.8805,5.784500000000001,6.5145,4.062,4.988,0.0,5.755,3.9795,39.2908816,-76.610759,4.39
17,Bangkok, Thailand,Asia,7.3935,7.222,6.119,3.453,4.112,4.293500000000001,5.6036666666666655,7.0365,7.126666666666665,1.6915,3.37125,2.387,6.794500000000001,4.826499999999999,9.089,6.019,6.494000000000001,13.7525438,100.4934734,5.48
18,Barcelona, Spain,Europe,6.323,6.074000000000001,7.7585000000000015,5.655,5.806,5.69925,7.1196666666666655,7.407499999999999,8.403333333333332,5.029000000000002,3.6655000000000006,4.296,3.894000000000001,6.467999999999999,8.591499999999998,7.471500000000001,5.827999999999999,41.3828939,2.1774322,6.21
19,Beijing, China,Asia,6.173000000000001,8.101,4.872,9.562,7.0175,4.83675,3.815333333333333,7.066,6.423333333333333,7.971000000000002,2.0555000000000003,6.103,1.4260000000000002,3.493,7.268499999999999,2.822,4.9435,39.906217,116.3912757,5.53
20,Beirut, Lebanon,Asia,6.655500000000001,6.3,3.4094999999999995,0.0,1.3045000000000004,4.77275,4.329,6.833,6.1593333333333335,1.0035,1.449,3.4345000000000003,8.2805,1.5905,3.3995,4.184,3.842000000000001,33.8959203,35.47843,3.94
21,Belfast, United Kingdom,Europe,7.532000000000001,6.014000000000001,3.55,1.6210000000000002,4.0985,5.28,8.991999999999999,7.678999999999999,8.168333333333333,4.6865000000000006,8.377500000000001,5.438,5.9545,5.5955,4.957000000000001,5.9795,1.413,54.596391,-5.9301829,5.61
22,Belgrade, Serbia,Europe,9.2575,8.546000000000001,4.9095,2.333,2.1365000000000003,5.578250000000001,5.383999999999999,6.6995000000000005,6.0103333333333335,0.5,4.88325,1.638,4.1665,3.863,6.497,7.387,5.078,44.8178131,20.4568974,5.0
23,Belize City, Belize,North America,4.6425,0.0,1.866,0.0,0.8900000000000001,0.0,3.411,6.052,5.503999999999999,0.0,2.031,3.496,6.930000000000001,3.8075,1.0645,6.865,0.5,17.5000543,-88.2003115,2.77
24,Bengaluru, India,Asia,9.810999999999998,10.0,10.0,8.972999999999999,4.064,4.00625,3.618,7.294,3.937,0.656,2.75575,5.5565,3.4145,2.841,3.2215000000000007,3.4845,2.385,12.9767936,77.590082,5.06
25,Bergen, Norway,Europe,5.229499999999999,1.805,2.207,1.0,3.2425000000000006,5.8875,9.635333333333332,7.7075,7.646666666666666,4.8395,7.539250000000001,7.0735,4.752,6.537000000000001,4.4875,7.6145,4.3135,60.3943055,5.3259192,5.39
26,Berlin, Germany,Europe,6.3950000000000005,5.524,9.085,7.820000000000001,7.024999999999999,6.1960000000000015,9.072333333333331,7.251500000000001,7.990666666666666,7.019000000000001,6.771500000000001,5.373500000000001,3.9035,4.677999999999999,8.881,7.177499999999998,5.475000000000001,52.5170365,13.3888599,6.81
27,Bern, Switzerland,Europe,4.922500000000001,1.0,2.6875000000000004,0.0,5.2635000000000005,5.19775,8.888,9.266,7.520333333333333,5.3455,9.2445,6.552,6.4285000000000005,6.1145000000000005,4.245,8.589,2.1225,46.9482713,7.4514512,5.5
28,Bilbao, Spain,Europe,6.888000000000001,5.638,2.668,0.0,4.1735,5.774750000000001,7.1196666666666655,8.7805,9.320666666666666,3.759000000000001,8.328000000000001,4.296,3.894000000000001,5.756,6.013999999999999,8.663,1.481,43.2630018,-2.9350039,5.45
29,Birmingham, United Kingdom,Europe,5.9035,5.814,4.3575,2.541,5.8450000000000015,5.4935,8.991999999999999,6.946500000000001,8.293666666666667,5.0265,5.7385,5.438,5.9545,5.940000000000001,4.4350000000000005,6.421,1.2675,52.4796992,-1.9026911,5.56
30,Birmingham, Alabama,North America,6.5555,5.133,4.3575,1.0,1.4354999999999998,2.02075,8.671,1.776,6.540999999999999,3.6245,7.0375,6.5145,4.204,5.1605,5.3835,4.881500000000002,1.2660000000000002,33.5206824,-86.8024326,4.45
31,Bogota, Colombia,South America,9.0275,9.079999999999998,5.7085,1.259,1.889,4.964,6.348666666666665,6.222000000000001,6.301666666666667,1.534,4.3475,4.5945,1.8515000000000004,2.9760000000000004,6.215,8.555499999999999,7.477,4.6533326,-74.083652,5.2
32,Boise, Idaho,North America,6.9635,6.578,4.205,2.5960000000000005,1.3235,5.2250000000000005,8.671,4.3605,6.797333333333332,3.6245,8.069500000000001,6.5145,4.062,3.442,4.1995,6.9275,5.221,43.6166163,-116.200886,5.23
33,Bologna, Italy,Europe,7.471999999999999,5.189,3.1485000000000007,1.3969999999999998,3.682,5.53,6.189666666666666,7.337,8.577666666666667,4.202500000000001,5.460250000000001,3.3625,2.4365,7.7105,5.736000000000001,7.618,1.5815,44.4938203,11.3426327,5.1
34,Bordeaux, France,Europe,7.1915,4.583,3.6915,0.0,4.876,5.54975,8.088333333333333,7.466,8.823333333333332,4.442,7.261000000000001,4.2045,2.648000000000001,3.875,5.3005,7.126499999999999,2.8755,44.841225,-0.5800364,5.18
35,Boston, Massachusetts,North America,1.0,4.259,9.565,10.0,3.215,4.39625,8.671,7.742000000000001,6.728999999999998,8.6245,8.1705,6.5145,4.062,5.700500000000001,8.564,8.4815,5.659999999999999,42.3602534,-71.0582912,6.56
36,Boulder, Colorado,North America,3.704,4.531,5.853000000000001,6.019,4.207,6.138000000000002,8.671,7.0735,7.050333333333333,4.679,9.84375,6.5145,4.346,6.2780000000000005,2.5649999999999995,9.274500000000002,6.699,40.0149856,-105.270545,6.09
37,Bozeman, Montana,North America,2.949,0.0,3.407,0.0,1.1905,0.0,8.671,6.9145,6.515,4.128,9.369,6.5145,4.062,5.156000000000001,1.907,7.2935,6.134,45.6794293,-111.044047,4.37
38,Bratislava, Slovakia,Europe,7.874499999999999,7.618,3.487,0.0,4.890000000000001,5.8115000000000006,6.188666666666666,8.618,6.751999999999999,3.2975,6.199999999999999,4.4705,4.937,4.583500000000001,6.186,6.432499999999999,4.8575,48.1516988,17.1093063,5.43
39,Brighton, United Kingdom,Europe,2.49,5.324,3.4094999999999995,0.0,8.322,5.547500000000001,8.991999999999999,8.4715,7.716333333333331,4.906000000000001,8.245750000000001,5.438,5.9545,4.7585,4.8695,8.17,4.898,50.8214626,-0.1400561,5.74
40,Brisbane, Australia,Oceania,5.212,5.1770000000000005,6.343,3.24,2.4345,4.617750000000001,9.399666666666668,7.903500000000001,8.317666666666666,5.920999999999999,8.82775,6.0695000000000014,4.5885,4.407500000000001,4.01,7.489500000000001,6.256500000000002,-27.4689682,153.0234991,5.9
41,Bristol, United Kingdom,Europe,5.215999999999999,5.242,4.113,3.593,4.890000000000001,5.4437500000000005,8.991999999999999,7.939999999999999,8.251666666666665,5.4615,6.472250000000001,5.438,5.9545,6.478000000000001,3.8625,7.439499999999999,4.538,51.4538022,-2.5972985,5.85
42,Brno, Czechia,Europe,8.329000000000002,7.925999999999998,2.9155,0.0,2.601,5.827249999999999,6.2126666666666654,8.5655,8.096666666666666,4.226500000000001,6.05525,4.378000000000001,5.9335,7.020500000000002,5.3525,8.055000000000001,3.694,49.1922443,16.6113382,5.6
43,Brussels, Belgium,Europe,6.355,4.477,5.6915,3.374,7.4675,5.386750000000001,8.876999999999999,6.703,8.158333333333333,6.6530000000000005,4.591000000000001,4.8115000000000006,1.883,7.5715,8.143999999999998,6.481,4.123,50.8465573,4.351697,5.93
44,Bucharest, Romania,Europe,9.186500000000002,8.516,5.383,1.187,3.4955,5.072500000000001,5.681666666666667,8.985999999999999,6.075333333333333,2.4475,3.41925,4.103,6.839,9.638,6.959499999999999,8.686500000000002,1.9675,44.4361414,26.1027202,5.75
45,Budapest, Hungary,Europe,8.570500000000001,7.947999999999999,5.4935,2.8040000000000003,4.426500000000001,5.395000000000001,6.707999999999999,8.218499999999999,5.745999999999999,3.693,5.2875,4.946,6.1075,6.759,8.253000000000002,7.228,5.112000000000001,47.4979937,19.0403594,6.05
46,Buenos Aires, Argentina,South America,8.812000000000001,7.763999999999999,4.672999999999999,2.3100000000000005,3.77,4.9235,4.045333333333334,6.0395,6.978999999999998,1.422,4.869,2.884,1.568,1.5275,7.6735,8.584000000000001,4.535500000000001,-34.6075682,-58.4370894,4.85
47,Buffalo, New York,North America,7.0765,5.228000000000001,3.947000000000001,2.7150000000000003,1.511,2.154,8.671,7.1885,6.457333333333333,4.212,8.329249999999998,6.5145,3.9205,6.757999999999999,4.32,7.404000000000001,4.6465,42.8867166,-78.8783922,5.36
48,Cairo, Egypt,Africa,10.0,10.0,5.0985000000000005,2.958,3.7575,3.99025,5.790666666666668,6.791,4.041,0.5,1.1555000000000002,2.978,5.101,2.405,6.1855,2.6500000000000004,0.5,30.0443879,31.2357257,4.35
49,Calgary, Canada,North America,6.495000000000001,5.417999999999999,5.9495000000000005,2.036,2.514,5.157500000000001,8.966,7.923,8.026333333333334,5.5550000000000015,8.191499999999998,5.8405000000000005,7.2745000000000015,5.6705000000000005,4.268,8.1105,7.504499999999999,51.0460954,-114.065465,6.18
50,Cambridge, United Kingdom,Europe,4.1055,4.851,5.253,3.2840000000000003,6.887499999999999,5.627750000000001,8.991999999999999,9.504499999999998,8.189,6.554500000000001,8.0165,5.438,5.9545,5.8095,2.455,8.487000000000002,0.5,52.2055314,0.1186637,5.88
51,Cape Town, South Africa,Africa,6.7635000000000005,7.955,5.611000000000001,3.725,2.1630000000000003,3.8425,4.732,5.327999999999999,4.343,0.8945000000000001,6.6085,2.7680000000000007,5.151,5.612500000000001,4.736000000000001,3.6605,6.750500000000001,-33.928992,18.417396,4.75
52,Caracas, Venezuela,South America,4.9025,9.82,3.0535,0.0,1.3235,4.544250000000001,1.0,5.221,4.178333333333334,0.0,2.2725,1.978,4.180000000000001,1.6415000000000002,4.38,4.5505,4.0985,10.506098,-66.9146017,3.37
53,Cardiff, United Kingdom,Europe,7.065,6.082,3.3955,1.7800000000000002,4.890000000000001,5.764749999999999,8.991999999999999,8.21,8.318333333333332,4.785500000000001,6.607249999999999,5.438,5.9545,5.101,5.0285,7.996,4.8055,51.4816546,-3.1791934,5.9
54,Casablanca, Morocco,Africa,8.822,9.088,3.0975,0.0,2.9145,4.26,5.614333333333333,6.775500000000001,4.47,0.0,2.2555000000000005,3.1735,3.2995,2.067,2.6830000000000003,2.945,3.9935,33.5950627,-7.6187768,3.86
55,Charleston, South Carolina,North America,4.6370000000000005,3.567,4.92,2.011,1.399,4.62075,8.671,5.0555,6.779666666666666,3.6245,7.276,6.5145,4.062,6.093,6.595000000000001,5.771000000000001,5.0095,32.7876012,-79.9402728,5.1
56,Charlotte, North Carolina,North America,5.549,4.987,6.247999999999999,2.878,3.679,4.134,8.671,5.347499999999999,6.432333333333333,3.6245,8.009249999999998,6.5145,4.062,6.3870000000000005,5.606,6.7895,1.3115,35.2272086,-80.8430827,5.31
57,Chattanooga, Tennessee,North America,6.782,6.121,3.9095,2.228,1.2095,0.7969999999999999,8.671,4.468,6.242999999999999,3.6245,7.1515,6.5145,4.772,8.365,4.1625,4.7925,3.908,35.0457219,-85.3094883,4.93
58,Chennai, India,Asia,10.0,10.0,7.104,3.782000000000001,4.208,4.8420000000000005,3.618,7.837000000000001,4.074666666666666,0.5115000000000001,2.3945000000000007,5.5565,3.4145,6.825500000000001,2.2275,4.550000000000001,4.198,13.0836939,80.270186,5.01
59,Chiang Mai, Thailand,Asia,9.3725,8.495000000000001,1.783,0.0,1.6945,5.141249999999999,5.6036666666666655,8.452500000000002,7.393666666666667,1.6875,3.981,2.387,6.794500000000001,4.2865,6.847500000000001,6.8715,3.088,18.7882778,98.9858802,4.94
60,Chicago, Illinois,North America,3.702,4.766000000000001,9.513,8.368,5.5075,4.57975,8.671,3.832,6.215999999999998,7.999,6.8045,6.5145,4.062,6.599499999999999,8.193,6.134,5.4155,41.8755616,-87.6244212,6.29
61,Chisinau, Moldova,Europe,9.6765,9.343,3.0535,0.0,1.6025,5.495,5.443333333333333,7.627999999999999,5.065999999999999,1.3995,4.33825,3.9765000000000006,6.2325,5.3615,2.7120000000000006,6.646999999999999,3.121,47.0245117,28.8322923,4.78
62,Christchurch, New Zealand,Oceania,6.934000000000001,5.096,1.5355000000000003,0.0,0.8334999999999999,5.51775,10.0,7.584999999999999,8.312333333333333,4.756,9.2565,5.505500000000001,5.9315,5.922,3.223500000000001,8.403500000000001,6.269,-43.530955,172.6366455,5.6
63,Cincinnati, Ohio,North America,6.6775,6.1080000000000005,6.0995,2.709,1.9265,4.743500000000001,8.671,4.975,6.345999999999999,4.2805,7.1095,6.5145,3.9205,6.512000000000001,6.118000000000001,5.299,3.6075,39.1014537,-84.5124602,5.39
64,Cleveland, Ohio,North America,7.155999999999999,5.595,4.961,3.646,2.077500000000001,4.42125,8.671,3.637,6.755666666666666,4.6185,7.2505,6.5145,3.9205,5.476500000000001,5.696500000000001,4.775499999999999,4.669,41.5051613,-81.6934446,5.29
65,Cluj-Napoca, Romania,Europe,9.165,8.794,3.4094999999999995,1.8990000000000005,1.7625000000000002,5.876,5.681666666666667,9.4745,6.434333333333333,2.4480000000000004,6.40075,4.103,6.839,8.6655,2.6275000000000004,8.624,4.255,46.769379,23.5899542,5.68
66,Cologne, Germany,Europe,6.5265,5.606999999999999,5.1065000000000005,3.2780000000000005,7.282000000000001,5.381749999999999,9.072333333333331,6.6295,8.04,5.1035,6.48,5.373500000000001,3.9035,5.666,5.3225,6.7115,5.289000000000001,50.938361,6.959974,5.93
67,Colorado Springs, Colorado,North America,6.4995,5.375,4.267,2.147,1.266,1.7352500000000004,8.671,5.3775,5.843999999999999,3.6245,8.526500000000002,6.5145,4.346,5.9225,3.812,9.206,7.356499999999999,38.8339578,-104.8253485,5.33
68,Columbus, Ohio,North America,6.2895,5.746000000000001,5.878500000000001,4.973000000000001,1.663,5.02675,8.671,5.2815,6.406,5.047499999999999,8.166,6.5145,3.9205,4.5535,6.465999999999999,5.9215,4.544999999999999,39.9622601,-83.0007065,5.6
69,Copenhagen, Denmark,Europe,4.227,3.426,6.206999999999999,4.467,6.3,6.2955000000000005,9.94,9.1525,7.985333333333334,5.301,8.27225,4.886500000000001,5.0680000000000005,7.239500000000001,7.063000000000001,9.0955,4.671000000000001,55.6867243,12.5700724,6.45
70,Cork, Ireland,Europe,5.514500000000001,4.902,3.9875,2.87,2.3615,5.504250000000001,8.345666666666666,8.839500000000001,7.426333333333334,4.879,8.012750000000002,7.514500000000001,6.254999999999999,9.143999999999998,2.5315,8.630500000000001,0.5,51.897077,-8.4654674,5.72
71,Curitiba, Brazil,South America,9.4295,8.433,2.912,2.148,0.8900000000000001,4.950250000000001,2.781,5.9465,5.897,1.0165000000000002,7.75725,2.187,2.8525,3.1420000000000003,7.1875,7.848000000000001,2.6655,-25.4295963,-49.2712724,4.6
72,Dallas, Texas,North America,5.259000000000001,6.090999999999999,7.939500000000001,4.916,4.746499999999999,4.4705,8.671,4.339,6.086666666666666,4.284,6.693,6.5145,4.772,6.460999999999999,7.1685,5.294,4.501999999999999,32.7762719,-96.7968559,5.78
73,Dar es Salaam, Tanzania,Africa,7.652000000000001,8.026,2.6875000000000004,3.191,1.4535,2.07575,3.2886666666666664,6.1005,3.238666666666667,0.0,2.0802500000000004,5.499999999999999,4.497000000000001,1.11,1.205,2.7665,4.3535,-6.8160837,39.2803583,3.49
74,Delhi, India,Asia,9.752,9.869,9.828500000000002,9.099000000000002,5.642,3.71225,3.618,6.4185,3.7126666666666654,0.512,2.2030000000000003,5.5565,3.4145,3.588,5.683,3.115999999999999,1.1785,28.6517178,77.2219388,5.12
75,Denver, Colorado,North America,3.8375,5.102,7.8645,6.117,4.243,4.530000000000001,8.671,5.371,6.220333333333333,3.6245,7.11675,6.5145,4.346,5.418500000000001,6.2235,7.860499999999999,7.932999999999999,39.7392364,-104.9848623,5.95
76,Des Moines, Iowa,North America,6.850999999999999,6.327,2.912,1.818,1.379,2.0722500000000004,8.671,6.984,6.709,3.6245,8.68225,6.5145,4.346,5.698,6.0665,8.4765,3.299500000000001,41.5910323,-93.6046655,5.32
77,Detroit, Michigan,North America,6.223000000000001,6.032,5.4015,5.183999999999999,3.6405,0.933,8.671,4.4615,5.786333333333332,5.8185,4.04675,6.5145,3.7785,6.167000000000002,7.478,3.678,5.387499999999999,42.3315509,-83.0466403,5.25
78,Doha, Qatar,Asia,2.1315,6.183,2.6875000000000004,0.0,2.6425,4.61625,7.408333333333332,9.486,7.4336666666666655,1.4335,3.94175,9.39,10.0,3.245,4.6205,5.0625,4.436999999999999,25.2856329,51.5264162,4.99
79,Dresden, Germany,Europe,7.884500000000001,6.0280000000000005,2.4065,1.533,3.536000000000001,4.959999999999999,9.072333333333331,8.463999999999999,8.393666666666666,5.124500000000001,8.110750000000001,5.373500000000001,3.9035,5.6035,6.6385,7.369,4.649,51.0493286,13.7381437,5.83
80,Dubai, United Arab Emirates,Asia,2.591,5.49,7.309000000000001,4.183,4.508,4.2285,8.036999999999999,9.172,6.392,2.28,6.035500000000001,7.885999999999999,10.0,3.151,4.6705,5.426500000000001,5.7985,25.2653471,55.2924914,5.72
81,Dublin, Ireland,Europe,2.5125,4.005000000000001,5.651,6.204,4.7615,5.44625,8.345666666666666,7.121499999999999,6.8103333333333325,5.6065,6.5015,7.514500000000001,6.254999999999999,8.3435,7.134500000000001,7.328,5.664,53.3497645,-6.2602732,6.19
82,Dusseldorf, Germany,Europe,6.282000000000001,5.134,3.389,2.2300000000000004,6.6695,5.283000000000001,9.072333333333331,8.166,8.003666666666666,4.306500000000001,7.375499999999999,5.373500000000001,3.9035,5.666,4.664000000000001,7.868499999999999,5.3585,51.2254018,6.7763137,5.81
83,Edinburgh, United Kingdom,Europe,5.8450000000000015,5.114,4.109,3.337,5.185,5.967500000000001,8.991999999999999,8.485,8.552333333333332,6.092500000000001,7.763,5.438,5.9545,5.1755,7.200500000000001,7.922000000000001,5.131,55.9533456,-3.1883749,6.26
84,Edmonton, Canada,North America,6.729500000000001,5.522,4.6240000000000006,2.392,1.902,5.09725,8.966,7.1175000000000015,8.269,5.948,8.17575,5.8405000000000005,7.2745000000000015,4.609999999999999,3.974,7.925499999999999,3.385,53.535411,-113.507996,5.76
85,Eindhoven, Netherlands,Europe,6.252000000000001,5.125,3.5405,3.0170000000000003,4.807499999999999,6.031750000000001,8.836666666666666,9.107,8.559333333333333,5.0805,8.805,5.053000000000001,4.954999999999999,7.658999999999999,4.333500000000001,9.3425,4.628,51.4392648,5.478633,6.19
86,Eugene, Oregon,North America,6.713,5.021,3.0865000000000005,1.964,1.192,5.627000000000001,8.671,6.171500000000001,6.566666666666666,4.1735,8.231,6.5145,3.9205,4.756000000000001,2.9560000000000004,8.9695,3.533,44.0505054,-123.0950506,5.19
87,Florence, Italy,Europe,6.775,4.649,2.2275,0.0,4.306,6.0287500000000005,6.189666666666666,7.9725,8.163666666666666,4.058000000000001,6.009000000000001,3.3625,2.4365,4.4415,8.503499999999999,6.7355,1.6769999999999998,43.7698712,11.2555757,4.92
88,Florianopolis, Brazil,South America,9.0595,8.331000000000001,1.0,0.0,0.683,4.78775,2.781,6.525,5.432999999999999,1.0165000000000002,4.943999999999999,2.187,2.8525,3.185,5.33,7.637500000000001,5.751,-27.5973002,-48.5496098,4.21
89,Fort Collins, Colorado,North America,2.744500000000001,0.0,4.0435,0.0,1.102,2.0075000000000003,8.671,6.935499999999999,6.831,4.1735,9.95325,6.5145,4.346,5.301999999999999,2.746,9.48,6.1865000000000006,40.5508527,-105.0668085,4.77
90,Frankfurt, Germany,Europe,5.957,5.143,3.768,3.398999999999999,8.529,5.923,9.072333333333331,6.8375,7.707333333333334,5.2065,6.4755,5.373500000000001,3.9035,4.079,6.492,7.0345,5.384,50.1106444,8.6820917,5.9
91,Fukuoka, Japan,Asia,4.01,0.0,1.484,1.79,6.172499999999999,0.0,8.389666666666667,9.945,9.098,5.5275,7.915999999999999,3.7235,6.033,4.575000000000001,5.8605,7.259,5.6815,33.6251241,130.6180016,5.15
92,Galway, Ireland,Europe,6.275500000000001,4.9270000000000005,2.5380000000000003,2.556,2.3615,5.68975,8.345666666666666,8.89,7.069999999999999,5.0075,7.51875,7.514500000000001,6.254999999999999,7.637499999999999,1.1150000000000002,8.700499999999998,3.7125,53.2744122,-9.0490601,5.66
93,Gdansk, Poland,Europe,8.508,8.126999999999999,2.6875000000000004,0.0,2.8345,5.861,5.7043333333333335,8.0405,6.855666666666666,4.6615,7.794500000000001,4.7615,5.097,5.036,5.515,4.4785,5.025,54.36119285,18.62860883362069,5.36
94,Geneva, Switzerland,Europe,1.0775,1.0,4.692,3.089,5.866500000000001,6.003,8.888,8.427,7.443,5.186,8.601750000000001,6.552,6.4285000000000005,8.378499999999999,5.244000000000001,8.6205,6.5535,46.2017559,6.1466014,6.01
95,Gibraltar, Gibraltar,Europe,1.112,0.0,2.842,1.5659999999999998,0.758,0.0,0.0,9.3375,3.023333333333333,0.0,5.1835,0.0,2.9130000000000003,4.296,2.235,4.4265,4.7565,36.140807,-5.3541295,2.5
96,Glasgow, United Kingdom,Europe,6.9285000000000005,5.623,3.505,1.1820000000000002,6.1995000000000005,5.35225,8.991999999999999,7.496,8.813333333333333,5.306500000000001,7.100999999999999,5.438,5.9545,4.252999999999999,4.671000000000001,6.9430000000000005,3.740999999999999,55.8609825,-4.2488787,5.74
97,Gothenburg, Sweden,Europe,6.725,5.046000000000001,3.1285000000000007,3.725,3.6575,5.96875,9.568999999999996,7.296,8.101666666666667,4.7775,8.58975,5.694499999999999,2.7495000000000003,6.1925,4.0045,6.3645,4.5685,57.7072326,11.9670171,5.66
98,Grenoble, France,Europe,7.505000000000001,4.317,2.7430000000000003,1.852,3.996,5.52575,8.088333333333333,5.8875,9.063,4.549,6.151,4.2045,2.648000000000001,3.758,3.1785,5.0505,4.646,45.1875602,5.7357819,4.9
99,Guadalajara, Mexico,North America,9.527,9.49,4.3445,0.0,1.7294999999999998,4.3455,5.764999999999999,6.472000000000001,7.034333333333333,1.2095,3.34325,3.5005,4.333500000000001,4.0925,7.657,8.1575,3.4765000000000006,20.6720375,-103.338396,4.97
100,Guatemala City, Guatemala,North America,8.8125,8.175,2.641,1.673,0.8145000000000001,0.5237499999999999,4.616999999999999,6.139,4.763666666666666,0.0,3.75775,3.805,8.505,2.506,5.1645,7.157,4.1335,14.6222328,-90.5185188,4.31
101,Halifax, Canada,North America,6.895000000000001,4.9430000000000005,3.624,2.2840000000000003,1.5699999999999998,5.402750000000001,8.966,7.188500000000001,7.885666666666666,5.42,7.618499999999999,5.8405000000000005,7.2745000000000015,6.123500000000001,3.942,7.853499999999999,4.023,44.648618,-63.5859487,5.7
102,Hamburg, Germany,Europe,5.944500000000001,4.904,5.793999999999999,4.197,5.685000000000001,5.8265,9.072333333333331,6.4590000000000005,8.129999999999999,4.306500000000001,8.123999999999999,5.373500000000001,3.9035,5.560499999999999,6.3525,7.162999999999999,5.088,53.550341,10.000654,6.0
103,Hannover, Germany,Europe,7.754000000000001,6.000000000000001,1.0,0.0,5.646,6.54975,9.072333333333331,7.352500000000002,8.133666666666667,4.834,9.13125,5.373500000000001,3.9035,5.666,3.5255,7.266,4.2665,52.3744779,9.7385532,5.62
104,Havana, Cuba,North America,9.089,7.607999999999999,1.4975000000000005,0.0,1.919,0.0,1.643333333333333,8.6335,6.999666666666665,0.0,3.86225,2.5495000000000005,0.5,1.703,2.0700000000000003,8.7595,5.0225,23.135305,-82.3589631,3.64
105,Helsinki, Finland,Europe,5.396000000000001,4.121,5.683,5.507,4.7505,5.77925,9.450666666666669,8.674000000000001,7.953666666666665,5.4545,9.301,3.921,4.8785,5.1035,7.054500000000001,7.501500000000001,4.797999999999999,60.1674881,24.9427473,6.2
106,Ho Chi Minh City, Vietnam,Asia,8.618,8.844000000000001,4.93,1.7390000000000003,2.08,5.1835,4.101666666666666,6.767500000000001,5.540333333333333,4.116499999999999,1.4197499999999998,4.8345,5.045,4.565,5.874000000000001,5.943499999999999,1.2575,10.7715512,106.6983801,4.76
107,Hong Kong, Hong Kong,Asia,1.0,4.967,8.343,8.314,3.679,5.54025,9.294333333333334,9.3505,4.154000000000001,9.711,4.53325,6.4825,8.380499999999998,6.2275,7.0585,7.152000000000001,5.796,22.2793278,114.1628131,6.47
108,Honolulu, Hawaii,North America,2.3415000000000004,2.867,4.1335,0.0,1.983,4.1617500000000005,8.671,6.8565000000000005,6.430999999999997,4.2805,6.094000000000001,6.5145,4.204,6.158,7.622999999999999,7.774000000000001,5.917500000000001,21.304547,-157.855676,5.06
109,Houston, Texas,North America,5.224500000000001,6.162,7.9345,4.474,4.338500000000001,4.03075,8.671,3.129,6.379,4.928,5.304500000000001,6.5145,4.772,6.248499999999999,7.144,5.34,5.385999999999999,29.7589382,-95.3676974,5.65
110,Hyderabad, India,Asia,10.0,10.0,8.724499999999999,3.585,3.841,4.632000000000001,3.618,8.1265,3.957333333333333,0.0,2.8405000000000005,5.5565,3.4145,5.540000000000001,4.271,4.132499999999999,3.2085000000000004,17.360589,78.4740613,5.03
111,Indianapolis, Indiana,North America,6.266,5.478,5.503,3.96,1.6815000000000002,4.85875,8.671,3.968,6.151333333333332,3.6245,6.1605,6.5145,4.062,5.875500000000001,7.298999999999999,6.869999999999999,3.965,39.7683331,-86.1583502,5.35
112,Innsbruck, Austria,Europe,6.708,4.732,2.1255,0.0,5.569500000000001,6.3740000000000006,7.596,8.273,7.884666666666666,4.33,7.366,4.663,2.666,5.0595,4.4245,8.485499999999998,3.9635,47.2654296,11.3927685,5.31
113,Istanbul, Turkey,Asia,9.1375,8.787,6.9535,2.111,5.8355,4.06575,5.948333333333333,6.8935,6.839999999999998,2.1525,3.40475,4.093500000000001,4.323499999999999,3.5005,10.0,3.8925,5.7435,41.0096334,28.9651646,5.52
114,Jacksonville, Florida,North America,6.450000000000001,5.359,4.3475,2.545,1.5674999999999997,1.40575,8.671,3.8255,6.199,3.6245,7.12025,6.5145,4.772,6.157500000000001,5.6545000000000005,5.6785000000000005,5.013,30.3321838,-81.655651,5.0
115,Jakarta, Indonesia,Asia,8.671,8.471,5.649500000000001,6.437,2.4885000000000006,3.640000000000001,4.028666666666666,7.0005,4.183999999999999,1.0275,2.4857500000000003,4.657500000000001,6.266,4.498999999999999,8.146,2.0665,7.202000000000001,-6.1753942,106.827183,5.12
116,Johannesburg, South Africa,Africa,8.012,7.575000000000001,4.937499999999999,1.467,3.2030000000000003,3.91575,4.732,5.165500000000001,3.6486666666666654,0.7585,4.325500000000001,2.7680000000000007,5.151,2.8375,4.4015,3.6605,2.9560000000000004,-26.205,28.049722,4.09
117,Kansas City, Missouri,North America,6.7075,5.844,2.793999999999999,3.5380000000000007,1.869,1.9725000000000004,8.671,4.422500000000001,6.4496666666666655,3.6245,7.9765,6.5145,4.062,8.188500000000001,6.674500000000001,5.0205,4.161500000000001,39.100105,-94.5781416,5.21
118,Karlsruhe, Germany,Europe,7.764499999999998,5.294,2.994,1.299,4.7985,4.905499999999999,9.072333333333331,6.858,8.412,5.2075000000000005,7.7675,5.373500000000001,3.9035,4.5945,3.9865,8.337,4.588500000000001,49.0068705,8.4034195,5.6
119,Kathmandu, Nepal,Asia,10.0,9.445,3.2110000000000003,0.0,1.041,5.348999999999999,4.740333333333333,8.5055,4.115999999999999,0.0,1.0,4.496,5.513000000000002,2.201,5.039,9.129,3.798,27.708317,85.3205817,4.57
120,Kiev, Ukraine,Europe,9.0845,9.817,4.0495,2.545,5.4875,5.16075,4.525333333333333,7.2555,4.850999999999999,0.5,3.6665,1.2755,5.478,6.041499999999999,8.419500000000001,6.827,5.348999999999999,50.4500336,30.5241361,5.32
121,Kingston, Jamaica,North America,8.8955,5.937,2.648000000000001,0.0,0.8145000000000001,4.926750000000001,6.567666666666668,5.5275,6.677999999999999,0.0,3.02025,1.8295,6.073499999999999,4.483499999999999,4.2780000000000005,2.8435,3.3460000000000005,17.9712148,-76.7928128,4.0
122,Knoxville, Tennessee,North America,6.975499999999999,6.447000000000001,3.5165,0.0,1.379,1.943,8.671,5.1295,6.421666666666667,4.212,3.72325,6.5145,4.772,7.092499999999999,4.495500000000001,5.4025,1.7525,35.9603948,-83.9210261,4.62
123,Krakow, Poland,Europe,8.4245,8.509,4.534000000000001,2.11,2.9285000000000005,5.629,5.7043333333333335,8.521500000000001,6.853999999999999,4.6625000000000005,4.802,4.7615,5.097,5.7875,7.839999999999999,4.592000000000001,4.3085,50.0619474,19.9368564,5.6
124,Kuala Lumpur, Malaysia,Asia,8.663499999999999,8.238,5.542,4.245,3.5620000000000003,4.37975,7.597333333333332,5.880999999999999,5.950333333333333,2.527,3.869999999999999,6.339,6.1265,5.4615,7.166,1.528,5.738500000000001,3.1516964,101.6942371,5.46
125,Kyoto, Japan,Asia,3.765,0.0,1.3025,0.0,6.7945,2.5,8.389666666666667,10.0,9.078666666666669,6.241,6.435,3.7235,6.033,3.712,8.153500000000001,7.663,1.6465,35.021041,135.7556075,5.03
126,Lagos, Nigeria,Africa,7.767,9.098,6.4335,2.5100000000000007,1.7479999999999998,3.56475,3.255666666666666,5.999499999999999,2.862333333333333,0.0,1.90725,5.061,6.2155000000000005,1.634,1.3585,1.406,3.8245,6.4550575,3.3941795,3.81
127,La Paz, Bolivia,South America,4.724,0.0,1.4975000000000005,0.0,1.3190000000000002,3.83425,3.482,6.750500000000001,4.315999999999999,0.0,1.73375,4.536,4.549,1.548,1.525,6.292999999999999,5.499999999999999,-16.4955455,-68.1336229,3.04
128,Las Palmas de Gran Canaria, Spain,Europe,8.232000000000001,7.717,1.5835,0.0,4.323499999999999,0.0,7.1196666666666655,9.1545,9.214333333333332,3.759000000000001,6.860499999999999,4.296,3.894000000000001,6.195500000000001,2.8145,9.7185,5.5375000000000005,28.1288694,-15.4349015,5.32
129,Las Vegas, Nevada,North America,7.001,5.759,7.515,2.022,3.5285,4.807499999999999,8.671,2.385,5.6353333333333335,3.6245,5.556500000000001,6.5145,4.772,5.3035,6.3685,7.275,5.385,36.1672559,-115.148516,5.42
130,Lausanne, Switzerland,Europe,4.0755,1.0,3.822,3.308,6.5145,5.85825,8.888,8.032499999999999,7.351999999999999,6.622,8.809750000000001,6.552,6.4285000000000005,4.146,4.222,8.4535,5.337999999999999,46.5218269,6.6327025,5.85
131,Leeds, United Kingdom,Europe,6.811,5.363,3.3605,4.423,6.595000000000001,5.1057500000000005,8.991999999999999,7.731,8.633666666666667,4.9825,5.922000000000001,5.438,5.9545,7.329499999999999,3.7435,7.214,1.2955,53.7974185,-1.5437941,5.82
132,Leipzig, Germany,Europe,8.177,5.9110000000000005,2.7065,0.0,4.337,6.01375,9.072333333333331,7.277000000000001,7.300333333333332,4.306500000000001,9.03275,5.373500000000001,3.9035,5.646500000000001,4.5265,7.1935,4.747000000000001,51.3406321,12.3747329,5.62
133,Lille, France,Europe,7.532000000000001,5.399000000000001,3.2585,2.381,6.020000000000001,2.29375,8.088333333333333,6.942,9.071,4.3935,4.2395,4.2045,2.648000000000001,3.826999999999999,5.1095000000000015,7.202999999999999,2.2925000000000004,50.6365654,3.0635282,5.0
134,Lima, Peru,South America,8.712,8.496,3.8835,1.65,2.012,4.759,5.001666666666667,5.2905,5.710666666666665,0.5,2.48075,3.1625000000000005,6.524,2.41,6.8085,6.0805,5.388000000000001,-12.0621065,-77.0365256,4.64
135,Lisbon, Portugal,Europe,6.734000000000001,7.004000000000001,6.022,3.194,4.191000000000001,5.31575,8.238666666666665,8.438,7.860333333333332,4.48,6.4115,3.483,4.1575,6.394000000000001,7.833500000000001,9.597,5.690999999999999,38.7077507,-9.1365919,6.18
136,Liverpool, United Kingdom,Europe,7.485,6.02,3.559,2.355,6.649500000000001,4.541,8.991999999999999,7.7285,9.027666666666669,4.872,7.275250000000001,5.438,5.9545,8.994,5.393,7.451,5.458500000000001,53.4071991,-2.99168,6.31
137,Ljubljana, Slovenia,Europe,8.214000000000002,6.749000000000001,4.088000000000001,1.2300000000000002,2.293,5.69875,7.676666666666666,8.953,7.671666666666668,4.851999999999999,8.661750000000001,4.7205,4.8100000000000005,5.4895000000000005,4.799,8.184000000000001,1.8225,46.0499803,14.5068602,5.65
138,London, United Kingdom,Europe,1.0,3.94,10.0,9.859,9.4025,5.3955,8.991999999999999,7.243500000000001,8.017999999999999,9.027,5.547750000000001,5.438,5.9545,5.8455,9.4555,6.573,5.374499999999999,51.5073219,-0.1276474,6.89
139,Los Angeles, California,North America,1.5275,4.556000000000001,10.0,10.0,3.9585,3.677000000000001,8.574666666666667,5.705,6.027333333333332,8.6245,4.7315000000000005,6.5145,4.7675,5.496500000000001,9.196,6.959999999999999,6.747,34.0536909,-118.242766,6.3
140,Louisville, Kentucky,North America,7.258,6.358000000000001,4.254,2.293,1.473,1.954,8.671,3.6175,6.162333333333332,3.6245,6.601249999999999,6.5145,4.062,5.526999999999999,5.6935,5.778499999999999,1.3,38.2542376,-85.759407,4.78
141,Luxembourg, Luxembourg,Europe,2.4530000000000003,3.411,3.307500000000001,1.8990000000000005,4.5805,5.8445,7.856666666666666,8.627999999999998,8.220333333333333,3.4795,8.57625,7.473000000000001,7.151,5.458,4.495500000000001,8.8045,1.475,49.6112768,6.129799,5.48
142,Lviv, Ukraine,Europe,9.778,10.0,4.204,0.0,3.7615,5.485250000000001,4.525333333333333,7.822,4.869999999999999,0.0,4.82525,1.2755,5.478,5.055999999999999,7.0585,6.715999999999999,4.436000000000001,49.841952,24.0315921,5.02
143,Lyon, France,Europe,6.697000000000001,4.349,4.4995,3.083,5.963000000000001,5.18525,8.088333333333333,7.134499999999999,8.641666666666666,4.5805,6.54325,4.2045,2.648000000000001,9.403,5.987500000000001,6.517,5.373500000000001,45.7578137,4.8320114,5.82
144,Madison, Wisconsin,North America,5.8295,6.173,4.017,2.9130000000000003,1.2295,5.473750000000001,8.671,7.362000000000001,7.006999999999999,5.385999999999999,9.524,6.5145,4.204,4.9925,4.422000000000001,7.9005,4.376,43.074761,-89.3837613,5.65
145,Madrid, Spain,Europe,6.414000000000001,6.2490000000000006,0.0,4.79,5.8555,5.285750000000001,7.1196666666666655,7.7925,8.916333333333332,4.291500000000001,5.5655,4.296,3.894000000000001,6.241,9.338,7.665000000000001,6.22,40.4167047,-3.7035825,5.88
146,Malaga, Spain,Europe,8.0515,7.375,2.4585,0.0,4.3605,5.78275,7.1196666666666655,7.693,8.655666666666667,3.759000000000001,8.108250000000002,4.296,3.894000000000001,6.1895,6.389,7.5005,5.784000000000001,36.7213028,-4.4216366,5.74
147,Malmo, Sweden,Europe,7.263000000000001,5.57,3.645,2.683,4.7675,5.646750000000001,9.568999999999996,6.598000000000001,8.215,3.893,9.2055,5.694499999999999,2.7495000000000003,8.219999999999999,2.3445,5.304,4.524,55.6052931,13.0001566,5.65
148,Managua, Nicaragua,North America,4.7855,0.0,1.866,0.0,0.6075,0.0,4.600333333333333,7.774500000000001,6.403666666666666,0.0,3.3405,3.9395,3.2545,1.177,1.837,9.239,1.4335,12.1459907,-86.2746665,2.96
149,Manchester, United Kingdom,Europe,6.455500000000001,5.049000000000001,5.769500000000001,4.908,6.397500000000001,4.728,8.991999999999999,6.7725,8.518999999999998,5.652,4.363,5.438,5.9545,5.814,4.9750000000000005,6.6770000000000005,3.676,53.4794892,-2.2451148,5.9
150,Manila, Philippines,Asia,8.5955,8.751999999999999,4.805,3.547,2.6345,3.713,4.592333333333334,6.4345,4.297666666666667,0.0,1.683,5.006499999999999,4.303,4.608,7.584,5.503,4.8255,14.5907332,120.9809674,4.76
151,Marseille, France,Europe,7.5885,6.026000000000002,3.3095000000000003,2.843,5.950500000000001,5.86075,8.088333333333333,5.252,8.843666666666666,4.442,3.942,4.2045,2.648000000000001,5.5425,5.443000000000001,6.1735,5.1835,43.2961743,5.3699525,5.38
152,Medellin, Colombia,South America,9.2315,9.315,4.618,0.0,0.928,5.3545,6.348666666666665,7.477,6.790666666666666,1.531,6.17075,4.5945,1.8515000000000004,4.1485,5.029,9.302,3.662,6.2443382,-75.573553,5.08
153,Melbourne, Australia,Oceania,4.829999999999999,4.798000000000001,8.204,5.020000000000001,2.8465000000000003,4.872,9.399666666666668,7.1325,8.015999999999998,6.2205,7.891499999999999,6.0695000000000014,4.5885,5.896000000000001,6.461,7.0005,6.202999999999999,-37.8142176,144.9631608,6.21
154,Memphis, Tennessee,North America,7.1145000000000005,5.829,4.449499999999999,0.0,1.6615000000000002,1.9175,8.671,2.8585000000000003,4.951333333333333,3.6245,4.545249999999999,6.5145,4.772,6.07,6.860499999999999,4.040500000000001,3.5695,35.1490215,-90.0516285,4.56
155,Mexico City, Mexico,North America,8.360000000000001,9.244,7.479999999999999,2.6340000000000003,2.87,3.806,5.760999999999998,5.464000000000001,6.379999999999999,1.713,2.5062500000000005,3.5005,4.333500000000001,5.8405000000000005,9.962,7.089,3.914,19.4326296,-99.1331785,5.35
156,Miami, Florida,North America,3.031,4.497,8.0225,5.055,4.1690000000000005,4.0527500000000005,8.671,4.321,6.031,4.3945,6.292,6.5145,4.772,5.824,6.7675,6.043500000000001,5.3845,25.7741728,-80.19362,5.53
157,Milan, Italy,Europe,5.194500000000001,4.801000000000001,5.190499999999999,3.286,6.683,5.5120000000000005,6.189666666666666,7.378000000000001,8.444666666666667,4.283,4.458,3.3625,2.4365,5.013999999999999,7.917000000000001,7.2195,5.641,45.4641943,9.1896346,5.48
158,Milwaukee, Wisconsin,North America,6.1225,5.526,4.8305,2.005,1.5875,4.915000000000001,8.671,4.267,6.082333333333333,4.177,7.989000000000001,6.5145,4.204,4.346,6.8375,4.844,5.064000000000001,43.0349931,-87.922497,5.18
159,Minneapolis-Saint Paul, Minnesota,North America,4.738500000000001,5.042000000000001,6.5265,5.5230000000000015,3.544,4.924999999999999,8.671,5.085000000000001,6.680999999999999,5.2745,8.362,6.5145,4.062,6.258499999999999,6.8505,7.288,5.095999999999999,44.878019050000006,-93.2209280537696,5.91
160,Minsk, Belarus,Europe,9.4955,9.289,4.3785,0.0,3.7664999999999993,5.365500000000001,5.596333333333332,9.038,5.5106666666666655,0.5,7.04825,3.204,5.926,4.863,6.949999999999999,7.4215,4.906000000000001,53.9024716,27.5618225,5.49
161,Montevideo, Uruguay,South America,8.183000000000002,6.197,2.863,2.205,1.183,5.288,7.943999999999997,5.9735000000000005,6.654999999999999,1.6900000000000002,4.545,4.416,4.8285,2.1785,4.9465,9.71,5.1785,-34.9058916,-56.1913095,4.95
162,Montreal, Canada,North America,7.392000000000001,5.948,8.102500000000001,5.773000000000001,3.443,5.107,8.966,7.822,7.395,7.299000000000001,7.7215,5.8405000000000005,7.2745000000000015,4.478000000000001,6.9175,8.193,5.303,45.5031824,-73.5698065,6.65
163,Moscow, Russia,Europe,6.555000000000001,8.099,5.053,3.704999999999999,9.0545,4.546250000000001,5.386666666666667,7.478,4.763,4.5725,5.27475,3.148,6.017000000000001,6.571,8.875499999999999,3.4750000000000005,5.090000000000002,55.7504461,37.6174943,5.75
164,Mumbai, India,Asia,8.124,9.825,9.853000000000002,6.179,5.414,3.94,3.618,7.618500000000001,3.802333333333333,0.5275,2.0965,5.5565,3.4145,3.429,4.968499999999999,3.839,5.792000000000001,19.0759899,72.8773928,5.18
165,Munich, Germany,Europe,4.23,4.648,6.915,6.509,8.056500000000002,6.013999999999999,9.072333333333331,9.049,8.370999999999999,7.554499999999999,9.018250000000002,5.373500000000001,3.9035,5.155000000000001,7.335999999999999,8.4745,7.330999999999999,48.1371079,11.5753822,6.89
166,Nairobi, Kenya,Africa,8.8505,8.431999999999999,6.026,4.600999999999999,2.3145,4.069,3.246333333333333,5.972,3.5983333333333327,0.5,3.1987500000000004,4.376999999999999,5.084,1.889,2.67,2.579,4.0495,-1.2832533,36.8172449,4.21
167,Nantes, France,Europe,7.7225,5.021,3.353,2.2300000000000004,4.989,5.997750000000001,8.088333333333333,7.6355,8.533333333333333,4.4045000000000005,7.323,4.2045,2.648000000000001,4.867,4.351000000000001,7.0555,2.672,47.2186371,-1.5541362,5.36
168,Naples, Italy,Europe,8.215,5.81,2.0405,0.0,3.9410000000000007,4.70575,6.189666666666666,6.389500000000002,7.186333333333332,4.058000000000001,1.65625,3.3625,2.4365,5.314000000000001,6.045,6.7535,5.359,40.8358846,14.2487679,4.68
169,Nashville, Tennessee,North America,4.4545,5.742000000000001,6.0600000000000005,3.569,1.9080000000000004,4.501,8.671,5.078,5.952999999999999,4.733,7.056499999999999,6.5145,4.772,6.6370000000000005,7.0200000000000005,6.807500000000001,1.2735,36.1622767,-86.7742984,5.34
170,New Orleans, Louisiana,North America,5.339,4.991999999999999,4.7365,1.21,1.757,4.6275,8.671,2.088,5.884,4.151999999999999,5.674,6.5145,4.346,6.453000000000001,7.1985,5.1240000000000006,1.0,29.9759983,-90.0782127,4.7
171,New York, New York,North America,1.0,2.342,10.0,10.0,6.675,5.51925,8.671,7.022,6.105333333333332,8.0935,5.233749999999999,6.5145,3.9205,7.0985,10.0,6.7125,5.7475,40.7127281,-74.0060152,6.51
172,Nice, France,Europe,6.4985,4.475,3.0975,2.603,6.46,6.051,8.088333333333333,7.234,8.329666666666665,4.4045000000000005,6.423,4.2045,2.648000000000001,6.472,4.7795,6.467499999999999,5.5265,43.7009358,7.2683912,5.52
173,Nicosia, Cyprus,Europe,8.631,6.301,3.407,0.0,1.606,5.491250000000001,7.438666666666665,8.102500000000001,6.758666666666667,2.475,3.672,2.9955,7.507999999999999,2.6545,6.949,7.5055,1.7755,35.1748976,33.3638568,4.9
174,Oklahoma City, Oklahoma,North America,7.261000000000001,6.394,4.1375,0.0,1.399,5.02725,8.671,4.6855,5.976666666666666,3.6245,7.61525,6.5145,4.204,7.689,5.376000000000001,6.022,4.129,35.4729886,-97.5170536,5.22
175,Omaha, Nebraska,North America,7.040500000000001,5.994000000000001,4.0120000000000005,0.0,1.4165,2.1277500000000003,8.671,5.5520000000000005,6.893999999999999,4.128,7.876000000000001,6.5145,4.204,6.3065,4.942,5.800999999999999,4.181,41.2587459,-95.9383758,5.04
176,Orlando, Florida,North America,5.778499999999999,5.284,6.5975,2.464,3.7735,4.33875,8.671,4.134,5.9673333333333325,3.6245,6.676,6.5145,4.772,4.886,5.9295,5.784000000000002,4.492999999999999,28.5421109,-81.3790304,5.28
177,Osaka, Japan,Asia,7.8315,4.819,2.668,2.144,6.201499999999999,5.255000000000001,8.417666666666667,10.0,8.705333333333332,5.589499999999999,5.326750000000001,3.7235,6.033,3.724,7.2265,7.189500000000001,5.1875,34.6198813,135.490357,5.89
178,Oslo, Norway,Europe,3.768,1.0380000000000005,5.2090000000000005,3.869,5.177,5.775250000000001,9.635333333333332,7.1065000000000005,7.909999999999998,5.144500000000001,8.42425,7.0735,4.752,7.9705,5.899,7.029999999999999,6.1895,59.9133301,10.7389701,6.0
179,Ottawa, Canada,North America,6.700499999999999,6.027,6.055,2.612,1.532,5.4052500000000006,8.966,8.4475,8.011333333333333,5.423500000000001,9.29225,5.8405000000000005,7.2745000000000015,6.267499999999999,6.0920000000000005,8.6295,5.318499999999999,45.4211435,-75.6900574,6.35
180,Oulu, Finland,Europe,3.7445,0.0,2.3135000000000003,2.575,2.716,6.04075,9.450666666666669,8.458500000000003,7.701333333333332,5.4545,8.933000000000002,3.921,4.8785,5.722999999999999,2.006,8.329000000000002,5.072,65.0118734,25.4716809,5.14
181,Oxford, United Kingdom,Europe,3.65,4.941000000000001,4.551,3.843,7.926000000000001,5.95825,8.991999999999999,8.5685,7.970000000000001,6.638000000000001,7.553750000000001,5.438,5.9545,6.1545000000000005,5.495,8.258000000000001,2.6290000000000004,51.7520131,-1.2578499,6.15
182,Palo Alto, California,North America,0.5,0.0,8.2945,9.623,3.1505000000000005,2.2027499999999995,8.671,7.637,6.515,3.6245,6.726500000000001,6.5145,4.488,7.142,0.0,8.454,1.7500000000000002,37.4443293,-122.1598465,5.02
183,Panama, Panama,North America,3.1530000000000005,0.0,3.559,0.0,2.002,0.0,6.208666666666667,6.976000000000001,6.593333333333334,0.0,4.38425,6.040500000000001,6.947500000000001,3.1900000000000004,5.5565,6.7855,4.8195,8.559559,-81.1308434,3.9
184,Paris, France,Europe,3.5835,3.664,9.2765,7.513000000000001,10.0,5.330500000000001,8.088333333333333,6.2465,8.207666666666666,7.085,4.36225,4.2045,2.648000000000001,9.716,9.8165,5.579,4.433,48.8588897,2.3200410217200766,6.46
185,Perth, Australia,Oceania,5.233,4.795,5.127000000000001,3.102,2.1105,4.695,9.399666666666668,7.1045,8.059333333333331,5.143,8.132500000000002,6.0695000000000014,4.5885,4.1785,4.5115,7.470500000000001,5.6835,-31.9527121,115.8604796,5.62
186,Philadelphia, Pennsylvania,North America,4.207,4.422000000000001,7.3625,5.215999999999999,3.556,4.1315,8.671,3.133,6.482666666666664,6.0285,5.1240000000000006,6.5145,3.7785,7.443,8.492,5.864500000000001,4.115,39.9527237,-75.1635262,5.57
187,Phnom Penh, Cambodia,Asia,8.552000000000001,8.001000000000001,1.4975000000000005,0.0,1.2395,4.68,1.0,6.684,2.984,0.0,2.4482500000000003,5.379999999999999,7.984000000000001,3.395,5.407,6.030500000000001,3.4330000000000007,11.568271,104.9224426,4.05
188,Phoenix, Arizona,North America,6.533,6.208,6.508500000000001,4.558,3.3025,4.828500000000001,8.671,2.583,6.126333333333331,4.590999999999999,4.625249999999999,6.5145,4.488,6.178,6.8100000000000005,5.565,6.7355,33.4484367,-112.0741417,5.58
189,Phuket, Thailand,Asia,8.823,7.602000000000001,2.2445,0.0,1.8075,4.50425,5.6036666666666655,5.7285,6.653666666666665,1.187,3.62425,2.387,6.794500000000001,3.615,4.8135,5.156000000000001,4.626,7.9366015,98.3529292,4.43
190,Pittsburgh, Pennsylvania,North America,5.963500000000002,4.795,6.5075,3.5809999999999995,1.7379999999999998,4.308,8.671,4.791,6.399666666666666,6.5935,6.874250000000001,6.5145,3.7785,8.669500000000001,6.859,7.390000000000001,4.0685,40.4416941,-79.9900861,5.74
191,Portland, Maine,North America,0.0,0.0,3.637000000000001,0.0,1.102,1.97025,8.671,6.358499999999999,5.174666666666666,3.6245,7.675499999999999,6.5145,4.062,3.5465,3.305,8.270999999999999,4.978,43.6610277,-70.2548596,4.06
192,Portland, Oregon,North America,4.138,4.924,6.957,5.899,2.2405,4.908,8.671,5.1805,6.317666666666667,4.2155,8.4595,6.5145,3.9205,5.968500000000001,6.2195,8.1595,6.303999999999999,45.5202471,-122.6741949,5.83
193,Porto, Portugal,Europe,8.109500000000002,7.422000000000001,4.313000000000001,1.886,3.1115,5.460000000000001,8.238666666666665,7.704500000000001,8.166666666666666,4.449,7.03875,3.483,4.1575,4.4945,5.625,9.5735,5.9485,41.1494512,-8.6107884,5.84
194,Porto Alegre, Brazil,South America,9.221000000000002,8.120000000000001,2.6705,0.0,0.9655,5.105,2.781,5.2955,5.56,1.017,4.13975,2.187,2.8525,2.196,7.7035,7.448,4.922499999999999,-30.0324999,-51.2303767,4.25
195,Prague, Czechia,Europe,7.4305,7.569,5.7795000000000005,2.302,5.4815000000000005,5.846500000000001,6.2126666666666654,8.6595,7.8809999999999985,4.238,7.0142500000000005,4.378000000000001,5.9335,6.0905,8.464500000000001,8.1985,4.901000000000001,50.0874654,14.4212535,6.26
196,Providence, Rhode Island,North America,3.1530000000000005,0.0,3.764,1.0,3.0185,2.422,8.671,6.846,6.515,5.3015,5.900499999999999,6.5145,4.204,8.9345,3.9185000000000008,7.49,1.084,41.8239891,-71.4128343,4.64
197,Quebec, Canada,Europe,8.5175,6.037,3.7345000000000006,2.237,1.3815000000000002,5.279999999999999,8.966,9.1595,8.131333333333334,5.42,7.3155,5.8405000000000005,7.2745000000000015,3.2985,5.636500000000001,8.622,4.718999999999999,52.4760892,-71.8258668,5.98
198,Quito, Ecuador,South America,9.0165,7.822,2.857500000000001,0.0,0.8900000000000001,4.789250000000001,3.021333333333333,6.968999999999999,6.406333333333332,0.0,4.1762500000000005,3.8855,7.513999999999999,3.4815,4.8015,8.826499999999998,5.499999999999999,-0.2201641,-78.5123274,4.71
199,Raleigh, North Carolina,North America,6.128500000000001,5.610000000000001,5.497,5.157000000000002,1.757,4.78425,8.671,6.5225,6.677333333333333,7.1165,8.583750000000002,6.5145,4.062,7.9515,6.613,7.562000000000001,3.3905000000000003,35.7803977,-78.6390989,6.04
200,Reykjavik, Iceland,Europe,2.7715,1.0,3.168,2.875,1.1349999999999998,5.475,9.36,8.658,8.078999999999999,4.057,8.62375,5.283,4.4655000000000005,6.742,5.0205,9.565,4.8035000000000005,64.145981,-21.9422367,5.36
201,Richmond, Virginia,North America,6.439500000000002,5.949,4.2705,2.097,1.38,5.648499999999999,8.671,3.3765,6.488333333333332,3.6245,6.6217500000000005,6.5145,4.204,7.645499999999999,6.3385,7.151,1.035,37.5385087,-77.43428,5.15
202,Riga, Latvia,Europe,8.933000000000002,7.329,4.3505,1.358,2.3725,5.35275,7.363333333333333,7.6255,5.710000000000001,4.090999999999999,6.966,4.094500000000001,5.929,5.841000000000001,7.7065,6.884,5.5265,56.9493977,24.1051846,5.74
203,Rio De Janeiro, Brazil,South America,8.32,7.751,4.823,2.414,1.493,4.55325,4.036666666666666,5.2955,4.849666666666666,1.0175,3.32275,2.187,2.8454999999999995,2.338,8.6675,5.771500000000001,6.151999999999999,-22.9110137,-43.2093727,4.47
204,Riyadh, Saudi Arabia,Asia,8.6965,7.806000000000001,3.6915,2.022,2.4605,4.75325,6.103999999999999,7.583000000000001,6.085666666666666,0.5035,3.3512500000000003,7.042,10.0,4.13,5.843500000000001,2.9090000000000007,0.5,24.638916,46.7160104,4.92
205,Rochester, New York,North America,6.727,5.488,4.3355,1.505,1.398,1.90775,8.671,5.899,6.106,4.494999999999999,5.93525,6.5145,3.9205,5.551,5.335,5.9015,4.404,43.157285,-77.615214,4.95
206,Rome, Italy,Europe,5.6025,5.323,4.6745,1.013,6.4335,4.533250000000001,6.189666666666666,6.604500000000001,7.863666666666665,4.157000000000001,4.2765,3.3625,2.4365,4.491,9.11,6.2215,6.396000000000001,41.8933203,12.4829321,5.22
207,Rotterdam, Netherlands,Europe,6.0440000000000005,4.934000000000001,4.4305,2.83,8.1805,5.9670000000000005,8.836666666666666,8.268,8.329,4.306500000000001,7.08675,5.053000000000001,4.954999999999999,5.852500000000001,5.427499999999999,8.2805,4.280999999999999,51.9244424,4.47775,6.07
208,Saint Petersburg, Russia,Europe,8.3605,8.673,4.9825,0.0,5.8805,4.626,5.547,7.793000000000001,4.951999999999999,4.282,4.324250000000001,3.148,6.0445,5.6425,9.6535,4.338,5.385,59.938732,30.316229,5.51
209,Salt Lake City, Utah,North America,6.141000000000001,6.172000000000001,6.3,7.09,2.736999999999999,4.573999999999999,8.671,5.657,6.246333333333332,4.2805,6.21575,6.5145,4.204,6.810500000000001,5.932,8.6225,6.641000000000002,40.7596198,-111.8867975,6.05
210,San Antonio, Texas,North America,6.402000000000001,6.683,5.356,3.53,1.6815000000000002,4.96475,8.671,4.2165,6.307,4.151999999999999,6.201499999999999,6.5145,4.772,8.0745,6.6955,6.254,3.4185000000000003,29.4246002,-98.4951405,5.53
211,San Diego, California,North America,2.9335,5.156000000000001,8.3505,8.595,2.6220000000000003,4.40975,8.671,6.933,6.519666666666666,5.4575,7.26725,6.5145,4.488,5.999,8.21,8.5395,6.396000000000002,32.7174202,-117.1627728,6.3
212,San Francisco Bay Area, California,North America,1.0,2.618,10.0,10.0,3.654500000000001,4.687250000000001,8.671,5.7155000000000005,6.448999999999999,8.6245,6.4815000000000005,6.5145,4.488,5.605500000000001,9.407,8.012500000000001,7.014,37.7884969,-122.3558473,6.41
213,San Jose, Costa Rica,North America,8.1645,6.728000000000001,3.822,0.0,1.1915000000000002,3.83425,5.949666666666666,6.7090000000000005,7.432666666666666,1.2095,5.256249999999999,4.081499999999999,5.751999999999999,1.5155000000000003,6.866500000000001,8.938500000000001,2.7855,9.9325427,-84.0795782,4.72
214,San Juan, Puerto Rico,North America,7.427500000000001,5.98,1.4285,0.0,1.38,1.142,3.173,5.121000000000001,4.363333333333333,0.0,4.493250000000001,0.0,4.3965000000000005,4.273499999999999,6.839500000000001,3.66,5.3245000000000005,18.465299,-66.116666,3.48
215,San Luis Obispo, California,North America,1.7245,0.0,3.828,3.077,1.134,1.3922499999999998,8.671,8.058,5.871333333333332,3.6245,7.392000000000001,6.5145,4.488,7.935500000000001,2.7765,9.666,1.5075000000000005,35.3540209,-120.3757163,4.57
216,San Salvador, El Salvador,North America,8.8015,7.7429999999999986,1.6700000000000004,0.0,1.0595,4.6855,4.661333333333332,5.4025,5.558666666666666,0.0,1.00075,2.6590000000000003,5.5255,1.831,4.858499999999999,6.1275,1.9175,13.6989939,-89.1914249,3.74
217,Santiago, Chile,South America,8.3815,7.237,6.2305,1.0,2.5355,5.550999999999999,7.765,6.9645,7.066,2.6415000000000006,4.528,3.725,8.929499999999999,1.0,7.556000000000001,7.171500000000001,5.499999999999999,-33.4377756,-70.6504502,5.52
218,Santo Domingo, Dominican Republic,North America,9.289,8.076000000000002,2.2275,0.0,1.003,4.56525,4.412999999999999,5.779,5.026000000000001,0.5,2.3805,6.1135,5.768,4.221,5.796500000000001,5.1095000000000015,3.4175,18.4801972,-69.942111,4.34
219,Sao Paulo, Brazil,South America,8.316,7.823000000000001,6.6225000000000005,4.253000000000001,2.2655,4.412000000000001,2.781,5.2955,5.371999999999999,1.104,2.6535,2.187,2.8525,3.3895000000000004,8.789499999999999,6.8955,7.0775,-23.5506507,-46.6333824,4.83
220,Sarajevo, Bosnia and Herzegovina,Europe,9.6925,8.659,2.584,0.0,1.207,5.708000000000001,2.580333333333333,7.132999999999999,6.525666666666666,0.0,3.666,2.088,9.118,4.6475,5.9345,7.7365,2.8705000000000003,43.8519774,18.3866868,4.72
221,Saskatoon, Canada,North America,7.159500000000001,5.042000000000001,3.1145,0.0,1.2585000000000002,5.8055,8.966,6.638000000000001,7.513999999999999,5.344000000000001,7.757999999999999,5.8405000000000005,7.2745000000000015,4.890000000000001,1.0,7.335999999999999,0.5,52.131802,-106.660767,5.03
222,Seattle, Washington,North America,2.291,3.79,8.367,7.551000000000001,2.8845,4.523750000000001,8.671,5.6365,6.309666666666666,5.7145,7.560250000000001,6.5145,4.772,4.940499999999999,8.1155,8.0895,7.2094999999999985,47.6038321,-122.3300624,6.06
223,Seoul, South Korea,Asia,6.142500000000001,3.698000000000001,5.283500000000001,4.066000000000001,6.155999999999999,5.718999999999999,8.279333333333334,8.305,8.549,6.8655,6.787000000000001,5.561,6.6075,7.637,8.200000000000001,4.484,5.776,37.5666791,126.9782914,6.36
224,Seville, Spain,Europe,8.095500000000001,6.961,1.1475,0.0,3.4770000000000003,5.567000000000001,7.1196666666666655,8.929499999999999,8.221333333333332,4.259500000000001,7.220749999999999,4.296,3.894000000000001,6.1895,7.416,9.265,3.0330000000000004,37.3886303,-5.9953403,5.6
225,Shanghai, China,Asia,5.744,7.179,5.7255,9.288,6.862,5.0845,3.8956666666666666,7.2085,6.206,5.6995000000000005,2.83875,6.103,1.4959999999999998,2.636,6.693499999999999,2.741,5.717499999999999,31.2322758,121.4692071,5.36
226,Singapore, Singapore,Asia,1.745,3.4890000000000003,9.103000000000002,8.697,2.982,5.42725,9.724666666666666,9.9715,7.682666666666665,8.2465,7.95425,7.478500000000001,9.959,8.447,7.422499999999999,6.494999999999999,5.834,1.357107,103.8194992,7.1
227,Skopje, Macedonia,Europe,9.740500000000004,9.11,2.994,0.0,1.678,5.7365,6.882333333333333,7.2795,6.628666666666668,0.5,2.6492500000000003,4.1225000000000005,9.475,4.520499999999999,6.208000000000001,4.2895,3.302,41.9960924,21.4316495,5.01
228,Sofia, Bulgaria,Europe,9.306,8.55,4.691,3.1550000000000007,2.6665,5.622,5.295333333333333,7.550499999999999,5.586666666666666,2.0145,4.99925,3.25,8.720500000000001,6.272500000000001,5.318499999999999,6.740500000000001,4.0565,42.6978634,23.3221789,5.52
229,St. Louis, Missouri,North America,6.958,5.504,5.424000000000001,3.885,2.5315,5.085500000000001,8.671,3.880500000000001,6.669999999999999,5.2715,7.37425,6.5145,4.062,8.909,7.642500000000001,4.376,4.8285,38.6529545,-90.24111656024635,5.75
230,Stockholm, Sweden,Europe,4.865,4.36,6.267,6.229,6.2255,5.685500000000001,9.568999999999996,6.8865,8.039333333333332,6.6675,8.99175,5.694499999999999,2.7495000000000003,7.6135,6.797499999999999,5.719500000000001,4.494,59.3251172,18.0710935,6.29
231,Stuttgart, Germany,Europe,6.314000000000001,5.673000000000002,3.7565,1.936,5.9645,6.205499999999999,9.072333333333331,8.269500000000003,7.851333333333333,5.0505,7.225,5.373500000000001,3.9035,5.124,5.556,7.533499999999998,3.9495,48.7784485,9.1800132,5.81
232,Sydney, Australia,Oceania,1.9865,4.128,8.726500000000001,6.427000000000001,3.285,4.851,9.399666666666668,7.5710000000000015,8.033666666666665,6.725500000000001,7.81675,6.0695000000000014,4.5885,4.7365,6.2275,7.032500000000001,6.2635,-33.8548157,151.2164539,6.11
233,Taipei, Taiwan,Asia,7.977,5.644,5.468500000000001,2.7810000000000006,2.5105,5.6065,8.341666666666667,9.542,5.905333333333333,5.589500000000001,6.23575,6.6355,7.333,5.2315000000000005,7.2635,8.0435,5.5885,25.0375198,121.5636796,6.22
234,Tallinn, Estonia,Europe,8.376500000000002,6.931000000000001,5.356,5.829,1.9705,5.932500000000001,8.129333333333333,9.4255,7.366333333333333,5.355,7.825500000000001,4.1850000000000005,5.341,5.202,7.0235,7.838500000000001,4.5355,59.4372155,24.7453688,6.28
235,Tampa Bay Area, Florida,North America,5.696,5.253,6.347,3.778000000000001,2.9055000000000004,1.40075,8.671,4.706499999999999,6.572999999999999,4.2805,7.37875,6.5145,4.772,7.195,6.433999999999999,5.360000000000001,5.497,27.89799165,-82.51906446720005,5.46
236,Tampere, Finland,Europe,6.936,4.622,2.606,2.5490000000000004,2.848,6.3495,9.450666666666669,8.689000000000002,8.316333333333333,5.3895,8.922,3.921,4.8785,5.792000000000001,4.187000000000001,8.290500000000002,4.571000000000001,61.4980214,23.7603118,5.79
237,Tartu, Estonia,Europe,8.961000000000002,7.47,2.778,0.0,1.414,6.441,8.129333333333333,9.3765,8.395,5.4035,9.416,4.1850000000000005,5.341,4.3005,4.081,7.483,3.499,58.3801207,26.72245,5.69
238,Tashkent, Uzbekistan,Asia,5.0,0.0,1.783,0.0,2.7375000000000007,0.0,5.175333333333333,8.9045,3.693333333333333,0.0,6.555499999999999,5.5375,6.0145,1.2425000000000002,3.1760000000000006,6.1705,4.2425,41.3123363,69.2787079,3.55
239,Tbilisi, Georgia,Europe,9.4905,9.765,3.1485000000000007,0.0,2.2510000000000003,5.64425,7.863333333333332,9.506,5.052333333333334,0.8625,3.19675,4.2525,8.055000000000001,4.087,4.919,8.197499999999998,5.477500000000001,41.6934591,44.8014495,5.4
240,Tehran, Iran,Asia,8.302999999999999,9.544,4.386500000000001,0.0,3.175,3.7995,4.342666666666666,6.792999999999999,5.312333333333332,0.51,2.9425,3.9435,4.0525,1.5759999999999998,6.521,4.2225,5.499999999999999,35.6892523,51.3896004,4.41
241,Tel Aviv, Israel,Asia,4.91,4.370000000000001,7.3265,9.16,3.345,4.994249999999999,6.789999999999999,8.0065,8.338,3.766500000000001,6.02675,5.0265,6.9175,2.566,5.3335,5.516,5.4125,32.0852997,34.7818064,5.76
242,The Hague, Netherlands,Europe,6.053000000000001,4.653,3.864,1.107,8.000500000000002,5.061000000000001,8.836666666666666,8.789000000000001,8.213999999999999,4.306500000000001,8.283750000000001,5.053000000000001,4.954999999999999,6.5135000000000005,5.0145,8.552999999999999,4.924,52.0799838,4.3113461,6.02
243,Thessaloniki, Greece,Europe,9.3775,6.6000000000000005,3.250000000000001,0.0,2.2604999999999995,5.91375,6.168999999999999,7.992,7.508999999999999,3.1635,3.33825,3.3199999999999994,4.1665,2.596,7.689000000000002,7.523499999999999,4.665000000000001,40.6403167,22.9352716,5.04
244,Tokyo, Japan,Asia,5.657000000000001,3.431,6.297000000000001,3.962999999999999,8.1515,6.0075,8.377666666666666,10.0,8.82633333333333,6.980500000000001,5.955750000000001,3.7235,6.033,4.835000000000001,9.342000000000002,7.194500000000001,6.5225,35.6828387,139.7594549,6.55
245,Toronto, Canada,North America,4.66,5.271,9.981,7.602000000000001,4.335000000000001,4.683000000000001,8.966,7.693500000000001,8.063666666666666,7.602500000000001,7.1775,5.8405000000000005,7.2745000000000015,4.383,7.826,7.928000000000002,5.594,43.6534817,-79.3839347,6.76
246,Toulouse, France,Europe,7.544,4.552,3.577,2.042,5.1265,5.06775,8.088333333333333,6.967,8.831999999999999,4.442,5.079750000000001,4.2045,2.648000000000001,4.622000000000001,4.1370000000000005,7.6335,3.3040000000000003,43.6044622,1.4442469,5.17
247,Tunis, Tunisia,Africa,9.968,9.998,2.969,0.0,2.6080000000000005,5.614500000000001,6.621666666666667,8.291500000000001,6.2926666666666655,0.5,3.27975,3.0920000000000005,2.599,1.0725,5.742500000000001,4.727,5.365500000000001,33.8439408,9.400138,4.64
248,Turin, Italy,Europe,8.069500000000001,5.612,3.250000000000001,0.0,3.1495,5.60925,6.189666666666666,6.252000000000001,8.367666666666667,4.1015,3.8855,3.3625,2.4365,2.369,7.061,5.777000000000001,5.705,45.0677551,7.6824892,4.78
249,Turku, Finland,Europe,7.534000000000002,5.07,1.8795,1.773,3.224,6.7285,9.450666666666669,9.1755,8.712666666666667,5.347499999999999,9.10475,3.921,4.8785,6.6825,5.0975,7.751499999999999,4.5375,60.4517531,22.2670522,5.94
250,Uppsala, Sweden,Europe,7.16,5.442,1.4285,0.0,4.7485,5.9750000000000005,9.568999999999996,7.850000000000001,8.152666666666665,5.2045,8.5815,5.694499999999999,2.7495000000000003,5.854,3.427,6.950500000000001,3.4665,59.8586126,17.6387436,5.43
251,Utrecht, Netherlands,Europe,5.4665,4.604,3.915,1.9290000000000005,8.0725,5.9902500000000005,8.836666666666666,8.631,8.394,5.5915,8.0955,5.053000000000001,4.954999999999999,6.676,5.373,8.5655,4.6965,52.080985600000005,5.12768396945229,6.17
252,Valencia, Spain,Europe,8.135500000000002,6.872,1.747,2.583,3.4840000000000004,5.809000000000001,7.1196666666666655,7.786499999999999,8.885666666666665,4.266000000000001,5.94225,4.296,3.894000000000001,9.14,7.078000000000001,7.935,6.331500000000001,39.4697065,-0.3763353,5.96
253,Valletta, Malta,Europe,3.1530000000000005,0.0,3.9095,2.148,1.889,0.0,5.377,8.518,8.107,2.8195,3.77575,5.5395,5.783499999999999,3.2015,5.827,7.562999999999999,4.716999999999999,35.8989818,14.5136759,4.26
254,Vancouver, Canada,North America,4.080500000000001,5.259,8.17,5.8420000000000005,2.771,4.93675,8.966,7.5695,8.037666666666665,6.889000000000001,8.42325,5.8405000000000005,7.2745000000000015,4.550500000000001,5.7170000000000005,8.295,7.4,49.2608724,-123.113952,6.48
255,Victoria, Canada,North America,5.696,5.703,4.479,2.719,1.4945,5.226000000000001,8.966,7.808000000000001,7.693,5.3815,9.29475,5.8405000000000005,7.2745000000000015,6.194999999999999,4.523000000000001,8.7825,4.3555,48.4283182,-123.3649533,5.97
256,Vienna, Austria,Europe,6.314000000000001,5.111,5.798000000000001,3.6350000000000007,8.0315,6.21325,7.596,8.5965,8.198,4.854500000000001,9.27,4.663,2.666,6.173,8.521500000000001,8.963999999999999,5.294499999999999,48.2083537,16.3725042,6.47
257,Vilnius, Lithuania,Europe,8.621,7.576,4.223,2.8280000000000003,2.105,5.9277500000000005,7.600333333333332,8.857,6.330666666666666,3.7,8.71775,4.691,6.592499999999999,7.9265,5.198500000000001,7.393,4.106,54.6870458,25.2829111,6.03
258,Warsaw, Poland,Europe,7.8695,8.192,6.121500000000001,1.853,3.864,5.202999999999999,5.7043333333333335,8.6995,6.881666666666666,4.668500000000001,6.388999999999999,4.7615,5.097,6.0,7.3355000000000015,4.636000000000001,4.961,52.2319581,21.0067249,5.78
259,Washington, District of Columbia,North America,1.2105,3.595,8.774000000000001,8.056,4.505000000000001,4.457000000000001,8.671,2.1915,6.257999999999999,5.968500000000001,6.99375,6.5145,4.062,3.825500000000001,10.0,6.5495,5.023499999999999,38.8950368,-77.0365427,5.69
260,Wellington, New Zealand,Oceania,5.134499999999999,5.161,2.4715,1.753,0.8525,6.039750000000001,10.0,8.223,8.078333333333331,4.756,9.60925,5.505500000000001,5.9315,5.1745,4.599,8.116000000000001,6.397,-41.2887953,174.7772114,5.76
261,Winnipeg, Canada,North America,7.552500000000001,5.882,3.7965,0.0,1.4754999999999998,5.104500000000001,8.966,6.0155,7.755666666666667,5.344000000000001,5.67475,5.8405000000000005,7.2745000000000015,4.902500000000001,4.688,6.659000000000001,4.243,49.8955367,-97.1384584,5.37
262,Wroclaw, Poland,Europe,8.452,8.434000000000001,3.5860000000000003,2.386,2.2445,4.954750000000001,5.7043333333333335,8.165500000000002,6.7813333333333325,4.161500000000001,4.96475,4.7615,5.097,5.761500000000001,4.7495,3.9045,4.085,51.1089776,17.0326689,5.19
263,Yerevan, Armenia,Asia,9.6945,9.431,3.9265,0.0,1.7870000000000004,5.64925,6.501,8.873000000000001,5.102,0.0,4.439500000000002,3.458,8.055000000000001,3.9,4.737000000000001,7.346500000000001,7.7765,40.1776245,44.5126174,5.34
264,Zagreb, Croatia,Europe,8.91,7.193999999999999,4.453,1.775,2.028,4.830000000000001,5.720333333333333,8.6575,7.266,3.211,7.331500000000001,2.2365,7.993499999999999,5.0335,4.9945,7.954500000000001,4.809,45.8131847,15.9771774,5.56
265,Zurich, Switzerland,Europe,1.473,1.0,6.203500000000001,3.872,7.733499999999999,5.839499999999999,8.888,9.0665,7.670333333333332,7.2875,8.642999999999999,6.552,6.4285000000000005,7.2675,4.9655000000000005,8.7845,5.401,47.3744489,8.5410422,6.3
